{
  "project_info": {
    "project_number": "1093287226212",
    "firebase_url": "https://bitwarden-dev.firebaseio.com",
    "project_id": "bitwarden-dev",
    "storage_bucket": "bitwarden-dev.appspot.com"
  },
  "client": [
    {
      "client_info": {
        "mobilesdk_app_id": "1:1093287226212:android:f8d67b786db1b844",
        "android_client_info": {
          "package_name": "com.x8bit.bitwarden"
        }
      },
      "oauth_client": [
        {
          "client_id": "1093287226212-m4mv8ho387tdgosc9lsltnmruul7ouo0.apps.googleusercontent.com",
          "client_type": 3
        }
      ],
      "api_key": [
        {
          "current_key": "AIzaSyA4Xkn0do7Ky_OLff2L_7MXeNK6s-JVgXg"
        }
      ],
      "services": {
        "analytics_service": {
          "status": 1
        },
        "appinvite_service": {
          "status": 1,
          "other_platform_oauth_client": []
        },
        "ads_service": {
          "status": 2
        }
      }
    }
  ],
  "configuration_version": "1"
}